<?xml version="1.0" encoding="UTF-8"?>
<project-private xmlns="http://www.netbeans.org/ns/project-private/1">
    <editor-bookmarks xmlns="http://www.netbeans.org/ns/editor-bookmarks/2" lastBookmarkId="0"/>
    <open-files xmlns="http://www.netbeans.org/ns/projectui-open-files/2">
        <group>
            <file>file:/C:/Users/GIRIJA/Documents/NetBeansProjects/customized_book_store/src/customized_book_store/Register.java</file>
            <file>file:/C:/Users/GIRIJA/Documents/NetBeansProjects/customized_book_store/src/customized_book_store/Home.java</file>
            <file>file:/C:/Users/GIRIJA/Documents/NetBeansProjects/customized_book_store/src/customized_book_store/BookRequest.java</file>
            <file>file:/C:/Users/GIRIJA/Documents/NetBeansProjects/customized_book_store/src/customized_book_store/BuyNow.java</file>
            <file>file:/C:/Users/GIRIJA/Documents/NetBeansProjects/customized_book_store/src/customized_book_store/AdminMessage.java</file>
            <file>file:/C:/Users/GIRIJA/Documents/NetBeansProjects/customized_book_store/src/customized_book_store/Login1.java</file>
            <file>file:/C:/Users/GIRIJA/Documents/NetBeansProjects/customized_book_store/src/customized_book_store/About.java</file>
            <file>file:/C:/Users/GIRIJA/Documents/NetBeansProjects/customized_book_store/src/customized_book_store/AdminLogin.java</file>
            <file>file:/C:/Users/GIRIJA/Documents/NetBeansProjects/customized_book_store/src/customized_book_store/Payment.java</file>
            <file>file:/C:/Users/GIRIJA/Documents/NetBeansProjects/customized_book_store/src/customized_book_store/AddBook.java</file>
            <file>file:/C:/Users/GIRIJA/Documents/NetBeansProjects/customized_book_store/src/customized_book_store/Message.java</file>
            <file>file:/C:/Users/GIRIJA/Documents/NetBeansProjects/customized_book_store/src/customized_book_store/AdminHome.java</file>
            <file>file:/C:/Users/GIRIJA/Documents/NetBeansProjects/customized_book_store/src/customized_book_store/Request.java</file>
            <file>file:/C:/Users/GIRIJA/Documents/NetBeansProjects/customized_book_store/src/customized_book_store/CustomizedBook.java</file>
        </group>
    </open-files>
</project-private>
